[
  {
    "first_name": "Andrew",
    "last_name": "Farrell",
    "email": "churst@example.org"
  },
  {
    "first_name": "Denise",
    "last_name": "Watson",
    "email": "aclark@example.net"
  },
  {
    "first_name": "James",
    "last_name": "Cain",
    "email": "veronica15@example.com"
  },
  {
    "first_name": "Annette",
    "last_name": "Carson",
    "email": "howelljames@example.org"
  },
  {
    "first_name": "Katherine",
    "last_name": "Mckinney",
    "email": "jmaddox@example.com"
  },
  {
    "first_name": "Stephanie",
    "last_name": "Meyers",
    "email": "igarcia@example.com"
  },
  {
    "first_name": "Cynthia",
    "last_name": "Patel",
    "email": "baxterrachel@example.org"
  },
  {
    "first_name": "Jeffrey",
    "last_name": "Martin",
    "email": "pamelalopez@example.net"
  },
  {
    "first_name": "Timothy",
    "last_name": "Waller",
    "email": "fhartman@example.com"
  },
  { "first_name": "Steven", "last_name": "Rush", "email": "nward@example.org" },
  {
    "first_name": "Michael",
    "last_name": "Davis",
    "email": "lyonssarah@example.org"
  },
  {
    "first_name": "Jennifer",
    "last_name": "Morris",
    "email": "alexandrajuarez@example.org"
  },
  {
    "first_name": "Alicia",
    "last_name": "Logan",
    "email": "heatherwhite@example.org"
  },
  {
    "first_name": "Stephen",
    "last_name": "Dennis",
    "email": "cindy04@example.net"
  },
  {
    "first_name": "Cynthia",
    "last_name": "Bates",
    "email": "sarahmoore@example.net"
  },
  {
    "first_name": "Alicia",
    "last_name": "Thompson",
    "email": "derek07@example.org"
  },
  {
    "first_name": "Tony",
    "last_name": "Harris",
    "email": "billyharris@example.org"
  },
  {
    "first_name": "Kenneth",
    "last_name": "Choi",
    "email": "timothy96@example.com"
  },
  {
    "first_name": "Grace",
    "last_name": "Joseph",
    "email": "qmurillo@example.net"
  },
  {
    "first_name": "Sheri",
    "last_name": "Compton",
    "email": "beckjeffrey@example.com"
  },
  {
    "first_name": "Rachel",
    "last_name": "Johnson",
    "email": "jennifer25@example.org"
  },
  {
    "first_name": "James",
    "last_name": "Watts",
    "email": "david78@example.net"
  },
  {
    "first_name": "Kenneth",
    "last_name": "Greene",
    "email": "kabbott@example.org"
  },
  {
    "first_name": "Robert",
    "last_name": "Pearson",
    "email": "asimmons@example.com"
  },
  {
    "first_name": "Anna",
    "last_name": "Fields",
    "email": "moorejohn@example.net"
  },
  {
    "first_name": "Gregory",
    "last_name": "Mendoza",
    "email": "joelwinters@example.org"
  },
  {
    "first_name": "Katelyn",
    "last_name": "Gray",
    "email": "adamthomas@example.org"
  },
  {
    "first_name": "Stephanie",
    "last_name": "Wolfe",
    "email": "larry31@example.org"
  },
  {
    "first_name": "Dana",
    "last_name": "Hernandez",
    "email": "schneiderrandy@example.net"
  },
  {
    "first_name": "Teresa",
    "last_name": "Horton",
    "email": "roconnell@example.org"
  },
  {
    "first_name": "Stacy",
    "last_name": "Meyer",
    "email": "hannah88@example.org"
  },
  {
    "first_name": "Jessica",
    "last_name": "Evans",
    "email": "jenniferowens@example.org"
  },
  {
    "first_name": "Gregory",
    "last_name": "Cantu",
    "email": "hwebb@example.org"
  },
  {
    "first_name": "Sheila",
    "last_name": "Marquez",
    "email": "youngcarolyn@example.net"
  },
  {
    "first_name": "Steven",
    "last_name": "Foster",
    "email": "mcook@example.net"
  },
  {
    "first_name": "Lisa",
    "last_name": "Kelley",
    "email": "amywoodard@example.net"
  },
  {
    "first_name": "Stacey",
    "last_name": "Mcgee",
    "email": "omorton@example.net"
  },
  {
    "first_name": "Angel",
    "last_name": "Osborn",
    "email": "jacobskimberly@example.com"
  },
  {
    "first_name": "Matthew",
    "last_name": "Delacruz",
    "email": "allenaustin@example.net"
  },
  {
    "first_name": "Ryan",
    "last_name": "Stephenson",
    "email": "robertsongabriel@example.net"
  },
  {
    "first_name": "David",
    "last_name": "Stewart",
    "email": "jacoblane@example.org"
  },
  {
    "first_name": "Tanya",
    "last_name": "Clements",
    "email": "vhayes@example.org"
  },
  {
    "first_name": "Richard",
    "last_name": "Davis",
    "email": "juliahall@example.org"
  },
  {
    "first_name": "Darrell",
    "last_name": "Rogers",
    "email": "lerichard@example.net"
  },
  {
    "first_name": "Katie",
    "last_name": "Mckinney",
    "email": "elainelara@example.net"
  },
  {
    "first_name": "Edward",
    "last_name": "Hall",
    "email": "joshuaramirez@example.net"
  },
  {
    "first_name": "Bonnie",
    "last_name": "Garrett",
    "email": "gordonbrandon@example.net"
  },
  {
    "first_name": "Peter",
    "last_name": "Eaton",
    "email": "miguelestrada@example.com"
  },
  {
    "first_name": "Andrew",
    "last_name": "Wright",
    "email": "taylor10@example.com"
  },
  {
    "first_name": "Tara",
    "last_name": "Howell",
    "email": "ctaylor@example.org"
  },
  {
    "first_name": "Hannah",
    "last_name": "Taylor",
    "email": "julieoconnor@example.org"
  },
  {
    "first_name": "Charles",
    "last_name": "Lewis",
    "email": "phamyesenia@example.com"
  },
  {
    "first_name": "Andrew",
    "last_name": "Evans",
    "email": "margarethenry@example.org"
  },
  {
    "first_name": "Carlos",
    "last_name": "Johnson",
    "email": "matthewcampbell@example.net"
  },
  {
    "first_name": "Kenneth",
    "last_name": "Lewis",
    "email": "emorton@example.org"
  },
  {
    "first_name": "James",
    "last_name": "Bush",
    "email": "justinodonnell@example.net"
  },
  {
    "first_name": "Ashley",
    "last_name": "Taylor",
    "email": "nealjennifer@example.org"
  },
  {
    "first_name": "Jonathan",
    "last_name": "Johnson",
    "email": "barnesbrandon@example.net"
  },
  {
    "first_name": "Cynthia",
    "last_name": "Diaz",
    "email": "cookchristie@example.net"
  },
  {
    "first_name": "Anthony",
    "last_name": "Cruz",
    "email": "bauerjeffrey@example.com"
  },
  {
    "first_name": "Victor",
    "last_name": "Wiley",
    "email": "matthewestes@example.org"
  },
  {
    "first_name": "Robert",
    "last_name": "Perez",
    "email": "brianlamb@example.net"
  },
  {
    "first_name": "Daniel",
    "last_name": "Murillo",
    "email": "nicholsondavid@example.com"
  },
  {
    "first_name": "Raven",
    "last_name": "Wallace",
    "email": "afoster@example.com"
  },
  {
    "first_name": "Richard",
    "last_name": "Leonard",
    "email": "apearson@example.org"
  },
  {
    "first_name": "Donna",
    "last_name": "Morris",
    "email": "kerrmargaret@example.org"
  },
  {
    "first_name": "Joseph",
    "last_name": "Murphy",
    "email": "ericsmith@example.org"
  },
  {
    "first_name": "Robert",
    "last_name": "Brewer",
    "email": "timothy19@example.net"
  },
  {
    "first_name": "Jodi",
    "last_name": "Taylor",
    "email": "leewendy@example.com"
  },
  {
    "first_name": "Mark",
    "last_name": "Browning",
    "email": "cruzlaurie@example.org"
  },
  {
    "first_name": "Debra",
    "last_name": "Weaver",
    "email": "sandersdean@example.net"
  },
  {
    "first_name": "Dale",
    "last_name": "Rogers",
    "email": "dhughes@example.net"
  },
  {
    "first_name": "Craig",
    "last_name": "Walters",
    "email": "theresa22@example.net"
  },
  {
    "first_name": "Thomas",
    "last_name": "Jones",
    "email": "stephanie06@example.com"
  },
  {
    "first_name": "Shelby",
    "last_name": "Deleon",
    "email": "karennavarro@example.com"
  },
  {
    "first_name": "Valerie",
    "last_name": "Schmitt",
    "email": "danielbethany@example.net"
  },
  {
    "first_name": "John",
    "last_name": "Chen",
    "email": "robertholt@example.net"
  },
  {
    "first_name": "Alyssa",
    "last_name": "Austin",
    "email": "clintonwhitney@example.com"
  },
  {
    "first_name": "Donna",
    "last_name": "Fritz",
    "email": "emarquez@example.com"
  },
  { "first_name": "Joseph", "last_name": "Ward", "email": "zdiaz@example.com" },
  {
    "first_name": "Matthew",
    "last_name": "Woods",
    "email": "hunterjessica@example.com"
  },
  {
    "first_name": "Amanda",
    "last_name": "Powers",
    "email": "christopherhicks@example.net"
  },
  {
    "first_name": "Jonathan",
    "last_name": "Greene",
    "email": "heathergriffith@example.com"
  },
  {
    "first_name": "Andrew",
    "last_name": "Williams",
    "email": "dthornton@example.com"
  },
  {
    "first_name": "Joanna",
    "last_name": "Avila",
    "email": "nrodriguez@example.net"
  },
  { "first_name": "Ryan", "last_name": "Weiss", "email": "bmckee@example.org" },
  {
    "first_name": "Angela",
    "last_name": "Jensen",
    "email": "littlemichelle@example.org"
  },
  {
    "first_name": "Catherine",
    "last_name": "Scott",
    "email": "erika80@example.org"
  },
  {
    "first_name": "David",
    "last_name": "Weaver",
    "email": "michael05@example.net"
  },
  {
    "first_name": "Ivan",
    "last_name": "Munoz",
    "email": "gabriellee@example.com"
  },
  {
    "first_name": "Danielle",
    "last_name": "Brooks",
    "email": "edwardsmelanie@example.net"
  },
  {
    "first_name": "Deborah",
    "last_name": "Raymond",
    "email": "douglas27@example.com"
  },
  {
    "first_name": "Cynthia",
    "last_name": "Fowler",
    "email": "yolandagriffith@example.net"
  },
  {
    "first_name": "Debra",
    "last_name": "Graves",
    "email": "burkejennifer@example.org"
  },
  {
    "first_name": "Hannah",
    "last_name": "Jones",
    "email": "sheila36@example.org"
  },
  {
    "first_name": "Kristen",
    "last_name": "Flowers",
    "email": "raymondstanley@example.com"
  },
  {
    "first_name": "Darrell",
    "last_name": "Graves",
    "email": "dingram@example.net"
  },
  {
    "first_name": "Heather",
    "last_name": "Douglas",
    "email": "allisonwalter@example.net"
  },
  {
    "first_name": "Holly",
    "last_name": "Harris",
    "email": "jgreene@example.org"
  },
  {
    "first_name": "Janet",
    "last_name": "Whitney",
    "email": "zmartinez@example.org"
  }
]
