[
    {
        "first_name": "Carl",
        "last_name": "Alexander",
        "email": "christopherchavez@example.org"
    },
    {
        "first_name": "Steven",
        "last_name": "Andrade",
        "email": "kevin31@example.com"
    },
    {
        "first_name": "Matthew",
        "last_name": "Bailey",
        "email": "bellandrea@example.org"
    },
    {
        "first_name": "Larry",
        "last_name": "Baker",
        "email": "joshua15@example.net"
    },
    {
        "first_name": "Christopher",
        "last_name": "Ballard",
        "email": "castrotina@example.com"
    },
    {
        "first_name": "Michael",
        "last_name": "Brown",
        "email": "grantryan@example.net"
    },
    {
        "first_name": "Stephen",
        "last_name": "Brown",
        "email": "sara99@example.com"
    },
    {
        "first_name": "Tamara",
        "last_name": "Byrd",
        "email": "michael85@example.net"
    },
    {
        "first_name": "Jennifer",
        "last_name": "Castillo",
        "email": "morenokenneth@example.com"
    },
    {
        "first_name": "Nicole",
        "last_name": "Chavez",
        "email": "richardhines@example.org"
    },
    {
        "first_name": "Jason",
        "last_name": "Collins",
        "email": "jogarcia@example.org"
    },
    {
        "first_name": "Carrie",
        "last_name": "Davis",
        "email": "karenvillegas@example.org"
    },
    {
        "first_name": "Destiny",
        "last_name": "Davis",
        "email": "michael90@example.net"
    },
    {
        "first_name": "Jeffrey",
        "last_name": "Davis",
        "email": "williammartin@example.net"
    },
    {
        "first_name": "Timothy",
        "last_name": "Evans",
        "email": "robertsondylan@example.org"
    },
    {
        "first_name": "Joanne",
        "last_name": "Farrell",
        "email": "davidlynn@example.org"
    },
    {
        "first_name": "Michelle",
        "last_name": "Fleming",
        "email": "stephanie65@example.com"
    },
    {
        "first_name": "Julie",
        "last_name": "Ford",
        "email": "ronaldolson@example.com"
    },
    {
        "first_name": "Kathleen",
        "last_name": "Foster",
        "email": "christineyoung@example.net"
    },
    {
        "first_name": "Jennifer",
        "last_name": "Frederick",
        "email": "youngmelinda@example.org"
    },
    {
        "first_name": "Peggy",
        "last_name": "Galloway",
        "email": "elizabeth93@example.org"
    },
    {
        "first_name": "Paige",
        "last_name": "Grant",
        "email": "rebeccabell@example.net"
    },
    {
        "first_name": "Jason",
        "last_name": "Gray",
        "email": "lsoto@example.com"
    },
    {
        "first_name": "Katherine",
        "last_name": "Gregory",
        "email": "dianedunn@example.com"
    },
    {
        "first_name": "Debbie",
        "last_name": "Gutierrez",
        "email": "sanchezcaleb@example.com"
    },
    {
        "first_name": "Jason",
        "last_name": "Gutierrez",
        "email": "christinacooley@example.com"
    },
    {
        "first_name": "Michael",
        "last_name": "Guzman",
        "email": "curtishughes@example.com"
    },
    {
        "first_name": "Johnathan",
        "last_name": "Hampton",
        "email": "gdowns@example.com"
    },
    {
        "first_name": "Paul",
        "last_name": "Hansen",
        "email": "kevin53@example.org"
    },
    {
        "first_name": "Robert",
        "last_name": "Harper",
        "email": "tgrant@example.com"
    },
    {
        "first_name": "David",
        "last_name": "Hart",
        "email": "imorris@example.net"
    },
    {
        "first_name": "Anne",
        "last_name": "Hebert",
        "email": "odavis@example.com"
    },
    {
        "first_name": "Anthony",
        "last_name": "Henderson",
        "email": "davidjackson@example.org"
    },
    {
        "first_name": "Thomas",
        "last_name": "Hernandez",
        "email": "danielsantos@example.org"
    },
    {
        "first_name": "John",
        "last_name": "Hood",
        "email": "raymond67@example.com"
    },
    {
        "first_name": "John",
        "last_name": "Hughes",
        "email": "garyreed@example.com"
    },
    {
        "first_name": "Andrea",
        "last_name": "Jimenez",
        "email": "qacosta@example.org"
    },
    {
        "first_name": "Ashley",
        "last_name": "Johnson",
        "email": "hbennett@example.net"
    },
    {
        "first_name": "Julia",
        "last_name": "Jones",
        "email": "sabrina68@example.com"
    },
    {
        "first_name": "Michael",
        "last_name": "Jones",
        "email": "mario07@example.org"
    },
    {
        "first_name": "Jasmin",
        "last_name": "Kennedy",
        "email": "hernandezmatthew@example.net"
    },
    {
        "first_name": "Kenneth",
        "last_name": "Lee",
        "email": "duncancynthia@example.net"
    },
    {
        "first_name": "Lisa",
        "last_name": "Lee",
        "email": "amandagrant@example.com"
    },
    {
        "first_name": "Nicholas",
        "last_name": "Lee",
        "email": "cathy53@example.com"
    },
    {
        "first_name": "Daniel",
        "last_name": "Lewis",
        "email": "joejones@example.net"
    },
    {
        "first_name": "Stephanie",
        "last_name": "Lopez",
        "email": "victorianunez@example.org"
    },
    {
        "first_name": "Todd",
        "last_name": "Maddox",
        "email": "jeremy93@example.net"
    },
    {
        "first_name": "Paul",
        "last_name": "Martinez",
        "email": "kaiserdaniel@example.net"
    },
    {
        "first_name": "Alexander",
        "last_name": "Mcdowell",
        "email": "icordova@example.com"
    },
    {
        "first_name": "Jerry",
        "last_name": "Mcintosh",
        "email": "smithmaria@example.com"
    },
    {
        "first_name": "Andrew",
        "last_name": "Meza",
        "email": "joanna74@example.net"
    },
    {
        "first_name": "Brett",
        "last_name": "Miranda",
        "email": "brownemily@example.com"
    },
    {
        "first_name": "Madeline",
        "last_name": "Molina",
        "email": "jordannicholas@example.org"
    },
    {
        "first_name": "Michaela",
        "last_name": "Moore",
        "email": "johnsonmichael@example.com"
    },
    {
        "first_name": "Christina",
        "last_name": "Morales",
        "email": "ikaufman@example.com"
    },
    {
        "first_name": "Emma",
        "last_name": "Morgan",
        "email": "mooremichael@example.com"
    },
    {
        "first_name": "Herbert",
        "last_name": "Nelson",
        "email": "nichole63@example.org"
    },
    {
        "first_name": "Michael",
        "last_name": "Newton",
        "email": "juliehart@example.org"
    },
    {
        "first_name": "Richard",
        "last_name": "Nichols",
        "email": "marvinlewis@example.com"
    },
    {
        "first_name": "Paula",
        "last_name": "Norman",
        "email": "robertsmegan@example.org"
    },
    {
        "first_name": "Tom",
        "last_name": "Novak",
        "email": "ppace@example.org"
    },
    {
        "first_name": "Paige",
        "last_name": "Nunez",
        "email": "vmeyers@example.org"
    },
    {
        "first_name": "Brandon",
        "last_name": "Oconnor",
        "email": "cookmargaret@example.org"
    },
    {
        "first_name": "Reginald",
        "last_name": "Pacheco",
        "email": "danahouston@example.net"
    },
    {
        "first_name": "Kimberly",
        "last_name": "Parrish",
        "email": "joseph74@example.net"
    },
    {
        "first_name": "George",
        "last_name": "Payne",
        "email": "wrightcathy@example.com"
    },
    {
        "first_name": "Eric",
        "last_name": "Pierce",
        "email": "evanskatrina@example.com"
    },
    {
        "first_name": "Lauren",
        "last_name": "Preston",
        "email": "coryyoung@example.org"
    },
    {
        "first_name": "Kathy",
        "last_name": "Pruitt",
        "email": "matthew18@example.com"
    },
    {
        "first_name": "Bradley",
        "last_name": "Ramirez",
        "email": "thomas37@example.org"
    },
    {
        "first_name": "Tiffany",
        "last_name": "Randolph",
        "email": "samanthadouglas@example.org"
    },
    {
        "first_name": "Elizabeth",
        "last_name": "Richardson",
        "email": "frazierjacob@example.org"
    },
    {
        "first_name": "David",
        "last_name": "Rodriguez",
        "email": "davidkeller@example.org"
    },
    {
        "first_name": "Philip",
        "last_name": "Rodriguez",
        "email": "esparzaelizabeth@example.net"
    },
    {
        "first_name": "Renee",
        "last_name": "Ross",
        "email": "matthewphillips@example.net"
    },
    {
        "first_name": "Brendan",
        "last_name": "Ruiz",
        "email": "toddpotts@example.net"
    },
    {
        "first_name": "Edward",
        "last_name": "Sanchez",
        "email": "ptaylor@example.org"
    },
    {
        "first_name": "Lance",
        "last_name": "Sanchez",
        "email": "abeltran@example.org"
    },
    {
        "first_name": "Calvin",
        "last_name": "Schmidt",
        "email": "wolfdouglas@example.net"
    },
    {
        "first_name": "Joseph",
        "last_name": "Scott",
        "email": "andersonmelissa@example.com"
    },
    {
        "first_name": "Katherine",
        "last_name": "Scott",
        "email": "david48@example.org"
    },
    {
        "first_name": "Kenneth",
        "last_name": "Simpson",
        "email": "wyoder@example.com"
    },
    {
        "first_name": "Amy",
        "last_name": "Smith",
        "email": "susanstephenson@example.com"
    },
    {
        "first_name": "Ann",
        "last_name": "Smith",
        "email": "michael73@example.com"
    },
    {
        "first_name": "David",
        "last_name": "Smith",
        "email": "fletcherkenneth@example.org"
    },
    {
        "first_name": "Janice",
        "last_name": "Smith",
        "email": "richardtaylor@example.net"
    },
    {
        "first_name": "Isaiah",
        "last_name": "Stuart",
        "email": "beanlauren@example.net"
    },
    {
        "first_name": "Carlos",
        "last_name": "Taylor",
        "email": "laurenmartinez@example.com"
    },
    {
        "first_name": "Daniel",
        "last_name": "Thomas",
        "email": "sarah07@example.com"
    },
    {
        "first_name": "Kathleen",
        "last_name": "Thompson",
        "email": "lindadavis@example.org"
    },
    {
        "first_name": "Craig",
        "last_name": "Weber",
        "email": "carrie93@example.org"
    },
    {
        "first_name": "Christina",
        "last_name": "Wells",
        "email": "brandon96@example.org"
    },
    {
        "first_name": "Brittany",
        "last_name": "White",
        "email": "jsullivan@example.net"
    },
    {
        "first_name": "Stacie",
        "last_name": "White",
        "email": "joseph10@example.net"
    },
    {
        "first_name": "Steven",
        "last_name": "Wiley",
        "email": "adamgonzales@example.net"
    },
    {
        "first_name": "Amanda",
        "last_name": "Wilkins",
        "email": "susan63@example.net"
    },
    {
        "first_name": "Vicki",
        "last_name": "Williams",
        "email": "xhamilton@example.net"
    },
    {
        "first_name": "James",
        "last_name": "Wilson",
        "email": "qcobb@example.org"
    },
    {
        "first_name": "Joseph",
        "last_name": "Wright",
        "email": "samuelvaldez@example.net"
    },
    {
        "first_name": "Michael",
        "last_name": "Young",
        "email": "cruzlouis@example.org"
    }
]