{
  "another\\allow.md": "Kind building push series.",
  "another\\capital.md": "Approach significant catch nothing have people study.",
  "another\\church.md": "Yes compare go agreement own purpose.",
  "another\\citizen.md": "Avoid foot enter store since.",
  "another\\heavy.md": "Price hear inside local manage sure four usually.",
  "another\\listen.md": "Control behind maybe in month.",
  "another\\morning.md": "Join measure recognize poor doctor yard.",
  "another\\share.md": "Purpose consider long son media green.",
  "another\\use.md": "Development never write simply final stop church.",
  "another\\writer.md": "Staff oil should.",
  "ball\\customer.md": "Responsibility offer almost gun nor.",
  "ball\\ever.md": "Financial assume personal serve stuff popular.",
  "ball\\fill.md": "Information yes environmental issue.",
  "ball\\finally.md": "Feeling table another share charge.",
  "ball\\or.md": "Student action occur onto bed these.",
  "ball\\organization.md": "Probably majority eye set adult.",
  "ball\\reduce.md": "Walk east skin trade once.",
  "ball\\site.md": "Chance control often site discussion southern remember.",
  "ball\\station.md": "Activity Congress likely investment skin.",
  "ball\\style.md": "Study yard project guess recognize themselves.",
  "cold\\avoid.md": "Often pick food sure right happy into.",
  "cold\\boy.md": "Open hair total letter.",
  "cold\\cost.md": "Woman receive push personal tax.",
  "cold\\hope.md": "Turn trade sing both.",
  "cold\\letter.md": "Blood talk necessary world blue.",
  "cold\\million.md": "Once might peace increase focus.",
  "cold\\must.md": "Material decade cell test by.",
  "cold\\newspaper.md": "Mr tree community either eat yet cost trial.",
  "cold\\remember.md": "Detail collection maybe.",
  "cold\\treatment.md": "Simple late rest send.",
  "common\\audience.md": "Here but woman suddenly.",
  "common\\draw.md": "Official use movement physical.",
  "common\\force.md": "Design price individual kitchen institution.",
  "common\\lead.md": "My country state actually.",
  "common\\list.md": "Visit possible mouth laugh.",
  "common\\month.md": "Stuff position deal lead.",
  "common\\natural.md": "Public protect I dream mother store.",
  "common\\nearly.md": "Ball speech base tough sell.",
  "common\\reduce.md": "Manager itself generation nothing indeed bill.",
  "common\\throw.md": "Situation current hard decision relationship.",
  "east\\according.md": "Than trip fact travel reveal key.",
  "east\\agreement.md": "Both middle investment.",
  "east\\ever.md": "Up also wish interview affect day.",
  "east\\none.md": "Someone social scientist feel system result.",
  "east\\radio.md": "Plan year produce to.",
  "east\\small.md": "Exactly will rather major professional add.",
  "east\\speak.md": "Environment tend tree watch current learn.",
  "east\\TV.md": "Every opportunity happen thousand hair charge always.",
  "east\\two.md": "Thus performance knowledge method stage foot three race.",
  "east\\whose.md": "Summer society economic forward forget weight if friend.",
  "education\\admit.md": "System during discussion budget phone ok.",
  "education\\democratic.md": "Perhaps nor film.",
  "education\\enough.md": "Here case right last despite.",
  "education\\explain.md": "Quickly hour rate within long.",
  "education\\keep.md": "Late finish offer fish player law yard friend.",
  "education\\mouth.md": "Commercial investment analysis action budget worry evening good.",
  "education\\open.md": "Watch bit two quite catch fund.",
  "education\\reason.md": "Into ten toward number character sea center they.",
  "education\\rise.md": "Important world on book join.",
  "education\\teacher.md": "Couple take court detail.",
  "energy\\air.md": "Drug laugh heart environment conference process drop wall.",
  "energy\\audience.md": "About will lose increase inside.",
  "energy\\be.md": "Agent cover then would choice start site.",
  "energy\\computer.md": "Ball concern beat.",
  "energy\\first.md": "Skill front indeed wide.",
  "energy\\look.md": "Standard ago scientist their.",
  "energy\\successful.md": "Question young suggest for word.",
  "energy\\tell.md": "Small and mind natural under mind chair traditional.",
  "energy\\two.md": "Offer eat manage explain letter lay standard still.",
  "energy\\where.md": "Lot rise many.",
  "help\\benefit.md": "Fall out available even huge begin easy student.",
  "help\\detail.md": "Against stock everybody answer agent.",
  "help\\event.md": "Likely home serve season trip concern while manage.",
  "help\\if.md": "Join little order.",
  "help\\international.md": "Year speech fly story their require month.",
  "help\\new.md": "Almost listen network look.",
  "help\\pick.md": "Carry easy care.",
  "help\\plant.md": "Fish bill later forward.",
  "help\\purpose.md": "Option dream would trade.",
  "help\\send.md": "Former lot general major poor system threat.",
  "increase\\animal.md": "Compare democratic administration value control.",
  "increase\\board.md": "Investment research such yourself firm program market actually.",
  "increase\\business.md": "Me defense develop condition available church executive.",
  "increase\\company.md": "Itself information admit avoid soon how.",
  "increase\\last.md": "Food understand public edge rest work certainly.",
  "increase\\light.md": "Part dinner person from listen consumer.",
  "increase\\music.md": "Sense deal floor affect article challenge.",
  "increase\\page.md": "Sometimes there throughout positive.",
  "increase\\simply.md": "Available first leg administration responsibility discover.",
  "increase\\upon.md": "Might help thing water.",
  "issue\\arrive.md": "Center meet significant bit.",
  "issue\\beautiful.md": "Similar debate receive price.",
  "issue\\behavior.md": "Make seem though capital my.",
  "issue\\case.md": "Win process drop grow life media nice.",
  "issue\\conference.md": "Congress dream miss professor send.",
  "issue\\important.md": "Foot cause term blue evidence cell evidence.",
  "issue\\political.md": "Everything art message political send site population.",
  "issue\\professional.md": "Member someone whose amount.",
  "issue\\these.md": "Memory stuff goal bit good.",
  "issue\\thousand.md": "Also raise main third.",
  "key\\evening.md": "Meet technology order realize onto today.",
  "key\\fact.md": "Positive shake fight question account push hotel.",
  "key\\fight.md": "Five side customer.",
  "key\\hair.md": "Whether response civil model wall.",
  "key\\human.md": "Meet into agent cell.",
  "key\\level.md": "Somebody democratic response region stage production future view.",
  "key\\response.md": "Evidence future who summer huge music protect charge.",
  "key\\short.md": "Less like political social they catch.",
  "key\\size.md": "Today figure PM financial step newspaper clear.",
  "key\\south.md": "Also defense hard present together avoid want.",
  "mother\\career.md": "Listen bar official amount.",
  "mother\\child.md": "Thought keep able young media animal remember talk.",
  "mother\\matter.md": "Rate dark heavy box land.",
  "mother\\of.md": "Ever collection street before institution relationship these.",
  "mother\\push.md": "Population dinner continue reflect.",
  "mother\\range.md": "Firm effect financial buy.",
  "mother\\section.md": "Control student poor work to value tree.",
  "mother\\suggest.md": "Success stock road something.",
  "mother\\tend.md": "Beyond describe tonight argue through decide.",
  "mother\\you.md": "Even fast nor memory something authority.",
  "not\\as.md": "Bed similar detail our carry.",
  "not\\country.md": "Response offer smile it anything sell.",
  "not\\line.md": "Leg cell which visit smile especially.",
  "not\\most.md": "Despite put of.",
  "not\\point.md": "Build decade myself newspaper with care role.",
  "not\\popular.md": "To part machine write.",
  "not\\reality.md": "Stay how environmental.",
  "not\\source.md": "Us challenge system discussion dream after.",
  "not\\this.md": "Happy move sell six forward detail.",
  "not\\visit.md": "Month year crime star industry nice possible.",
  "operation\\behavior.md": "Result coach kind medical.",
  "operation\\computer.md": "All oil American memory beautiful hospital.",
  "operation\\Democrat.md": "Yes everything collection responsibility into.",
  "operation\\head.md": "Try dark natural push.",
  "operation\\hear.md": "Trouble happy game article.",
  "operation\\industry.md": "Bill dinner dream president serious.",
  "operation\\movie.md": "Today tend may baby left understand state.",
  "operation\\rise.md": "Quality thank official adult it laugh.",
  "operation\\security.md": "Work close exist lead play always.",
  "operation\\southern.md": "Receive whom sing effect official.",
  "owner\\after.md": "Member smile item as century.",
  "owner\\charge.md": "She agent east.",
  "owner\\feeling.md": "Movement deal spend participant environment sign drop me.",
  "owner\\fly.md": "End major apply mother school.",
  "owner\\guy.md": "Grow low large student also thought.",
  "owner\\history.md": "Movie family whether ahead month share.",
  "owner\\hold.md": "Party center we car shake he here.",
  "owner\\person.md": "Plan remember listen style during.",
  "owner\\remain.md": "Garden piece together personal bed.",
  "owner\\situation.md": "Fact common environmental close political glass simple.",
  "seem\\adult.md": "Science organization others off again community decision.",
  "seem\\born.md": "Nation improve once speech.",
  "seem\\building.md": "On begin prove camera must happy decade.",
  "seem\\food.md": "Especially reality reduce identify establish beyond step hotel.",
  "seem\\it.md": "Test fill water.",
  "seem\\least.md": "Building Mr else out customer ten method nation.",
  "seem\\section.md": "Service group sort tough debate between against.",
  "seem\\shoulder.md": "Choose economy lead real pay.",
  "seem\\try.md": "Fish network car item Mrs ok each.",
  "seem\\worker.md": "Improve exactly although.",
  "sign\\billion.md": "A weight relate require yourself food.",
  "sign\\health.md": "Others people news fine ask dark.",
  "sign\\matter.md": "Forget radio specific.",
  "sign\\ok.md": "Key pay newspaper put.",
  "sign\\old.md": "Maintain professional case energy.",
  "sign\\scene.md": "Common walk travel laugh member.",
  "sign\\son.md": "Stock him tell attack.",
  "sign\\success.md": "Prevent point author still.",
  "sign\\upon.md": "Move human like author.",
  "station\\already.md": "Scientist table go professional moment work reduce.",
  "station\\apply.md": "Network wish opportunity school still onto.",
  "station\\attack.md": "On service protect time.",
  "station\\available.md": "Education affect send tend each including learn.",
  "station\\boy.md": "Body space cost almost difficult wife part.",
  "station\\customer.md": "Each security least close perform.",
  "station\\event.md": "Must financial sort part.",
  "station\\mission.md": "Between really without force investment police main.",
  "station\\say.md": "All anyone certainly until sister.",
  "station\\weight.md": "By billion say.",
  "will\\glass.md": "Pick member lay somebody build world coach.",
  "will\\if.md": "Southern station must own simply.",
  "will\\item.md": "Tell million half prove.",
  "will\\its.md": "Great clear much onto certainly value huge.",
  "will\\magazine.md": "Part animal perhaps point against especially ready.",
  "will\\market.md": "Really national clear piece window.",
  "will\\perhaps.md": "Factor attention upon oil score.",
  "will\\president.md": "Beautiful relate word.",
  "will\\reduce.md": "Follow weight subject along.",
  "will\\rock.md": "Idea practice either board.",
  "yet\\activity.md": "Company child mother off church.",
  "yet\\born.md": "Know movement force ability.",
  "yet\\drug.md": "Half agreement room suffer environmental.",
  "yet\\fire.md": "Spring century gun feeling individual yeah.",
  "yet\\individual.md": "Investment crime usually what individual believe.",
  "yet\\really.md": "Agency wrong current serious everything image in.",
  "yet\\result.md": "Center suggest group tend.",
  "yet\\scene.md": "Nature pressure better rock standard.",
  "yet\\skill.md": "Message method per meet yourself.",
  "yet\\unit.md": "Probably figure charge assume school eight."
}